Trained from ResNet152, batchSize = 4,LR = 0.001,epochNum = 3
1,0.6777777671813965,0.8928571343421936,0.6786218974325392,0.30075765956117184,0.001
2,0.7222222685813904,0.8622449040412903,0.6242563313908047,0.3092247558643623,0.001
3,0.6888889074325562,0.8622449040412903,0.6569362348980374,0.3362333869979698,0.001
