Trained from ResNet152, batchSize = 4,LR = 0.001,epochNum = 3
1,0.47777777910232544,0.6275510191917419,0.7476036892996893,1.3156131548540932,0.001
2,0.47777777910232544,0.75,0.7649287859598796,0.5622949283950183,0.001
3,0.46666666865348816,0.7653061151504517,0.6959008243348863,0.5104246832886521,0.001
